Behavioral_Index,Stage_fear,Drained_after_socializing,Personality
13.941042731540302,0,0,0
1.501045289980972,1,1,1
4.974778503157292,1,1,1
17.44277897348889,0,0,0
12.973828219058841,0,0,0
11.99415620931543,0,0,0
12.976123170641381,0,0,0
13.481684552398725,0,0,0
3.5212622323977123,1,1,1
17.44666610864695,0,0,0
17.430854210166736,0,0,0
3.9779687783280413,1,1,1
18.443475833476203,0,0,0
13.455180383421235,0,0,0
3.4965232901849,1,1,1
11.969150900132714,0,0,0
-1.53648180946149e-19,1,1,1
12.465705518749058,0,0,0
4.472308164770249,1,1,1
14.446074388479785,0,0,0
3.494228338602361,1,1,1
15.433254301569423,0,0,0
17.943127403482546,0,0,0
2.5070484255127217,1,1,1
17.93641559192408,0,0,0
15.950210721831057,0,0,0
16.424054982847224,0,0,0
12.004582112842803,0,0,0
15.940314543121545,0,0,0
16.92679168820417,0,0,0
16.468759325668216,0,0,0
14.999960881246285,0,0,0
3.522854415973237,1,1,1
4.006594855698917,1,0,1
3.4843321598928476,1,1,1
16.930412456392332,0,0,0
13.412068224175767,0,0,0
12.45448352343392,0,0,0
2.4979483385909713,1,1,1
2.9665796478434507,1,1,1
13.935829779776615,0,0,0
12.00007192908613,0,0,0
4.005002672123393,1,1,1
3.4994412903660477,1,1,1
5.469913981387262,1,1,1
15.003051924616585,0,0,0
16.933503499762633,0,0,0
2.4979483385909713,1,1,1
4.997395536976718,1,1,1
14.483707228991664,0,0,0
2.4776262563540836,1,1,1
15.457370195183627,0,0,0
3.489545111656535,1,1,1
3.5025323337363496,1,1,1
6.491729015399226,1,1,1
14.4590616105596,0,0,0
5.98537154185412,1,1,1
17.47317027762444,0,0,0
13.472411422287822,0,0,0
12.481783784199173,0,0,0
16.473972277431905,0,0,0
5.49023606362415,1,1,1
4.494925198589676,1,1,1
13.98724593415607,0,0,0
10.997876209304039,0,0,0
3.010487898876681,1,1,1
13.00325038821748,0,0,0
5.489439971836387,1,1,1
10.496731687522619,0,0,0
4.008889807281456,1,1,1
4.990683725418254,1,1,1
13.450497156475409,0,0,0
15.949507953824044,0,0,0
1.5070543335324216,1,1,1
2.978770778135503,1,1,1
4.006594855698917,1,1,1
3.9740816431699773,1,1,1
13.963036716761119,0,0,0
2.9665796478434507,1,1,1
15.963024900721718,0,0,0
1.986377913282177,1,1,1
16.450559151824713,0,0,0
13.47470637387036,0,0,0
2.4776262563540836,1,0,1
12.504134451048698,0,0,0
12.436283349590418,0,0,0
15.475570369027128,0,0,0
14.953930721819667,0,0,0
16.42617689124061,0,0,0
13.50951453798184,0,0,0
3.9883946818554152,1,1,1
13.467994562311896,0,0,0
3.0005917201671672,1,1,1
11.47560760547827,0,0,0
14.477791509220962,0,0,0
16.96212957713351,0,0,0
13.448375248082023,0,0,0
18.440651157075802,0,0,0
17.49578731144387,0,0,0
3.4700191212074096,1,1,1
3.516049280634025,1,1,1
12.48072132544151,0,0,0
13.94705177509175,0,0,0
5.481135976702399,1,1,1
4.491038063431612,1,1,1
16.959038533763206,0,0,0
13.941042731540302,0,0,0
12.981163079215914,0,0,0
12.458900383409846,0,0,0
2.0111168554949894,1,1,1
16.433778118367584,0,0,0
16.953122813992508,0,0,0
13.982656030990992,0,0,0
2.0111168554949894,1,1,1
13.972136803682869,0,0,0
16.420963939476923,0,0,0
13.495201499296401,0,0,0
2.0134118070775284,1,1,1
2.019420850628978,1,1,1
13.94051300672244,0,0,0
4.474430073163635,1,1,1
4.5061471939048126,1,1,1
11.987974122574826,0,0,0
4.0141027590451435,1,1,1
14.467895330511448,0,0,0
2.9878708650572543,1,1,1
15.4769895094135,0,0,0
16.932534364785717,0,0,0
4.467624937824423,1,1,1
14.493603407701176,0,0,0
15.949241586854143,0,0,0
3.4882192950509117,1,1,1
3.492636155026836,1,1,1
15.464971422310601,0,0,0
17.464866282490455,0,0,0
1.498750338398433,1,1,1
5.469913981387262,1,1,1
4.992978677000794,1,1,1
3.508541377287799,1,1,1
15.468062465680903,0,0,0
13.509607861762587,0,0,0
6.983773450258895,1,1,1
13.495201499296401,0,0,0
16.45586542736915,0,0,0
12.482313509017034,0,0,0
18.435171838342214,0,0,0
0.5011445217814198,1,1,1
4.988295450054967,1,1,1
13.990163934337218,0,0,0
13.971963760493717,0,0,0
4.491834155219374,1,1,1
13.930616828012926,0,0,0
16.4495900168478,0,0,0
3.0217098941918175,1,1,1
16.468586282479066,0,0,0
4.491038063431612,1,1,1
3.494228338602361,1,1,1
16.9673425288972,0,0,0
17.452848195387553,0,0,0
15.981927842572237,0,0,0
3.5077452855000364,1,1,1
3.963655739642603,1,1,1
16.433248393549725,0,0,0
3.514550420839248,1,1,1
4.013306667257381,1,1,1
15.483701320971964,0,0,0
4.988295450054967,1,1,1
3.007396855506379,1,1,1
13.981063847415466,0,0,0
4.997395536976718,1,1,1
14.957817856977732,0,0,0
11.495133595927395,0,0,0
16.94472549507777,0,0,0
3.020913802404055,1,1,1
14.919918649495951,0,0,0
3.007396855506379,1,1,1
15.934398823350843,0,0,0
18.447362968634266,0,0,0
19.454864963960794,0,0,0
14.990860794324533,0,0,0
12.97073717568854,0,0,0
11.480290832424096,0,0,0
2.4851341597003094,1,1,1
3.489545111656535,1,1,1
16.001453833021362,0,0,0
2.002189811762392,1,1,1
2.4867263432758344,1,1,1
1.498750338398433,1,1,1
3.0013878119549298,1,1,1
15.477785601201262,0,0,0
15.509409398161692,0,0,0
13.965424992124406,0,0,0
11.973661083889388,0,0,0
4.005798763911155,1,1,1
1.4927412948469834,1,1,1
17.951431398616535,0,0,0
4.492630247007137,1,1,1
3.007396855506379,1,1,1
1.4761333045790064,1,1,1
12.44847447988247,0,0,0
2.48884825166922,1,1,1
3.9854766816742675,1,1,1
2.978770778135503,1,1,1
2.491939295039521,1,1,1
1.4844372997129949,1,1,1
3.9959025852016414,0,1,1
3.4934322468145984,1,1,1
3.5077452855000364,1,1,1
2.5070484255127217,1,1,1
1.9907947732581017,1,1,1
2.485930251488072,1,1,1
3.4791192081291604,1,1,1
1.9907947732581017,1,1,1
1.991590865045864,1,1,1
2.491939295039521,1,1,1
3.4903412034442973,1,1,1
0.9984019084047756,1,1,1
1.986377913282177,1,1,1
1.4927412948469834,1,1,1
1.4761333045790064,1,1,1
4.475226164951397,1,1,1
2.4784223481418457,1,1,1
3.0013878119549298,1,1,1
2.977974686347741,1,1,1
2.997500676796866,1,1,1
2.505456241937197,0,1,1
1.9946819084161658,1,1,1
3.5077452855000364,1,1,1
2.977974686347741,1,1,1
1.9990987683920904,1,1,1
2.5070484255127217,1,0,1
2.993083816820941,1,1,1
1.493537386634746,1,1,1
3.984680589886505,1,1,1
1.9968038168095512,1,1,1
3.4978491067905235,1,1,1
2.476830164566321,1,1,1
1.986377913282177,1,1,1
3.9854766816742675,1,1,1
0.9840888697193375,1,1,1
3.498645198578286,1,1,1
1.4927412948469834,1,1,1
2.9922877250331785,1,1,1
1.9764817345726637,1,1,1
2.491143203251759,1,1,1
3.4911372952320594,1,1,1
1.9907947732581017,1,1,1
2.495030338409823,1,1,1
3.489545111656535,1,1,1
4.491834155219374,1,1,1
1.9764817345726637,1,1,1
1.9946819084161658,1,1,1
3.4903412034442973,1,1,1
1.498750338398433,1,1,1
2.476830164566321,1,1,1
3.489545111656535,1,1,1
1.977277826360426,1,1,1
2.9839837298991903,1,1,1
1.9946819084161658,1,1,1
2.9922877250331785,1,1,1
0.9923928648533261,1,1,1
2.5070484255127217,1,1,1
3.999789720359705,1,1,1
2.491939295039521,1,1,1
3.9854766816742675,1,1,1
1.9990987683920904,1,1,1
2.476830164566321,1,1,1
1.498750338398433,1,1,1
2.0059039037313022,1,1,1
2.499447198385748,1,1,1
1.5047593819498823,1,1,1
2.5010393819612724,1,1,1
2.9982967685846287,1,1,1
3.9854766816742675,1,1,1
2.512261377276409,1,1,1
2.9847798216869528,1,1,1
3.48512825168061,1,1,1
1.982490778124113,1,1,1
2.960570604292001,1,1,1
3.9914857252257168,1,1,1
3.999789720359705,1,1,1
2.4979483385909713,1,1,1
1.991590865045864,0,1,1
2.9839837298991903,1,1,1
0.49204443485966876,1,1,1
2.485930251488072,1,1,1
2.4867263432758344,1,1,1
3.4791192081291604,1,1,1
2.4979483385909713,1,1,1
2.9831876381114277,1,1,1
1.4844372997129949,1,1,1
2.993083816820941,1,1,1
0.49204443485966876,1,1,1
5.4647010296235745,1,1,1
2.5062523337249596,1,1,1
1.9990987683920904,1,1,1
1.991590865045864,1,1,1
2.50024329017351,1,1,1
1.4904463432644444,1,1,1
1.9998948601798525,1,1,1
9.490025783983857,0,0,0
12.486730368992959,0,0,0
9.976061175292074,0,0,0
11.49301168753401,0,0,0
8.982872218650986,0,0,0
9.514235001378806,0,0,0
11.989472982369604,0,0,0
12.474805605670808,0,0,0
12.000868020873893,0,0,0
11.486829600793406,0,0,0
8.485614832027629,0,0,0
10.46368875017582,0,0,0
9.476508837086179,0,0,0
10.979146310642676,0,0,0
9.501247779298991,0,0,0
12.009968107795643,0,0,0
13.523827576667278,0,0,0
10.512543586002835,0,0,0
8.980577267068448,0,0,0
10.999468392879564,0,0,0
9.502216914275907,0,0,0
11.98867689058184,0,0,0
13.00837001620042,0,0,0
11.487798735770323,0,0,0
12.983458030798452,0,0,0
11.980372895447852,0,0,0
13.974258712076255,0,0,0
12.984254122586215,0,0,0
9.988079262394974,0,0,0
11.019697151335704,0,0,0
9.009203344439323,0,0,0
11.000171160886579,0,0,0
12.494504639309087,0,0,0
10.502913774263222,0,0,0
13.48610141237465,0,0,0
15.984049750965621,0,0,0
8.9896773539902,0,0,0
9.466612658376667,0,0,0
12.49583045591471,0,0,0
9.011498296021863,0,0,0
12.009968107795643,0,0,0
9.499828638912621,0,0,0
12.987874890774378,0,0,0
14.983352890978306,0,0,0
10.978350218854914,0,0,0
11.995655069110207,0,0,0
9.50583768246407,0,0,0
10.520144813129809,0,0,0
12.97957089564039,0,0,0
10.494609779129235,0,0,0
11.011393156201715,0,0,0
11.988770214362589,0,0,0
8.506733006052281,0,0,0
13.99096002612498,0,0,0
12.463583610355672,0,0,0
13.482214277216586,0,0,0
10.966159088562861,0,0,0
11.5044067260383,0,0,0
10.019000291348389,0,0,0
11.013688107784255,0,0,0
9.968553271945847,0,0,0
10.012195156009177,0,0,0
13.471788373689211,0,0,0
11.969946991920477,0,0,0
8.9896773539902,0,0,0
8.505140822476756,0,0,0
12.981959171003677,0,0,0
10.0106962962144,0,0,0
11.006180204438028,0,0,0
13.463484378555224,0,0,0
10.967657948357639,0,0,0
12.498125407497248,0,0,0
11.968448132125701,0,0,0
9.990374213977514,0,0,0
11.520045581329361,0,0,0
10.500618822680682,0,0,0
10.979146310642676,0,0,0
9.005489252470413,0,0,0
12.002460204449418,0,0,0
11.493807779321772,0,0,0
12.507225494419,0,0,0
11.48391160061226,0,0,0
9.995587165741199,0,0,0
8.991972305572737,0,0,0
10.995754300910654,0,0,0
13.978941939022082,0,0,0
8.974568223516997,0,0,0
10.459801615017755,0,0,0
8.492419967366843,0,0,0
8.997185257336424,0,0,0
10.995754300910654,0,0,0
11.480024465454195,0,0,0
11.978874035653075,0,0,0
9.990374213977514,0,0,0
12.474009513883045,0,0,0
9.49391291914192,0,0,0
12.015181059559332,0,0,0
9.007877527833699,0,0,0
9.481721788849867,0,0,0
12.022782286686306,0,0,0
15.432458209781661,0,0,0
3.4934322468145984,1,1,1
4.463208077848498,1,1,1
2.4828392081177704,1,1,1
12.471714562300507,0,0,0
13.427177354648968,0,0,0
12.983458030798452,0,0,0
2.487522435063597,1,1,1
2.0029859035501545,1,1,0
3.479915299916923,1,1,1
0.9931889566410885,1,1,1
4.992978677000794,1,1,0
2.497152246803209,1,1,1
3.98627277346203,1,1,1
15.47327541744459,0,0,0
2.5010393819612724,1,1,0
4.468421029612185,1,1,1
14.43538211798251,0,0,0
13.462781610548209,0,0,0
1.5034335653442592,1,1,0
17.426344026410064,0,0,0
16.448793925060038,0,0,0
2.987074773269492,1,1,0
2.495030338409823,1,1,0
12.954658910238424,0,0,0
3.010487898876681,1,1,1
1.9855818214944145,1,1,1
1.986377913282177,1,1,1
14.003151156417033,0,0,0
18.940203495281697,0,0,0
13.4770013254529,0,0,0
13.980267755627704,0,0,0
4.983878590079042,1,1,0
15.959933857351418,0,0,0
1.4995464301861952,1,1,1
12.444587344724406,0,0,0
15.483701320971964,0,0,0
15.457993243782235,0,0,0
10.98904248935219,0,0,0
14.466569513905826,0,0,0
13.959242905383801,0,0,1
1.5018413817687346,1,1,1
4.000585812147468,1,1,1
2.9795668699232656,1,1,1
2.4828392081177704,1,1,1
1.5138594688716336,1,1,1
3.988567725044569,1,1,1
2.9756797347652015,1,1,1
12.485404552387335,0,0,0
3.4843321598928476,1,1,1
3.5168453724217876,1,1,1
3.479915299916923,1,1,1
1.5138594688716336,1,1,1
12.477100557253348,0,0,0
12.489118644356246,0,0,0
15.457993243782235,0,0,0
1.5047593819498823,1,1,1
14.423457354660357,0,0,0
3.0013878119549298,1,1,1
2.0097910388893663,1,1,1
13.971963760493717,0,0,0
14.434679349975493,0,0,0
12.013682199764554,0,0,0
14.009160199968482,0,0,0
13.980267755627704,0,0,0
13.978941939022082,0,0,0
3.4708152129951717,1,1,1
3.0005917201671672,1,1,1
1.5034335653442592,1,1,1
3.475232072971097,1,1,1
2.476830164566321,1,1,1
16.963721760709035,0,0,0
11.974363851896403,0,0,0
2.5070484255127217,1,1,1
12.00378602105504,0,0,0
3.489545111656535,1,1,1
11.503437591061383,0,0,0
2.9613666960797635,1,1,1
2.9704667830015143,1,1,1
1.4852333915007572,1,1,1
13.440164576728783,0,0,0
2.0089949471016038,1,1,1
14.981230982584922,0,0,0
15.96584957712212,0,0,0
3.007396855506379,1,1,1
1.0006968599873147,1,1,1
14.446870480267547,0,0,0
2.9696706912137523,1,1,1
1.4761333045790064,1,1,1
5.470710073175025,1,1,1
3.0013878119549298,1,1,1
16.43846134531341,0,0,0
13.94961309364419,0,0,0
2.4776262563540836,1,1,1
2.4927353868272837,1,1,1
2.9795668699232656,1,1,1
14.47098637388175,0,0,0
3.4911372952320594,1,1,1
11.477199789053795,0,0,0
14.45729638379492,0,0,0
3.9620635560670783,1,1,1
11.970570040519087,0,0,0
11.978250987054466,0,0,0
3.4716113047829342,1,1,1
3.9719597347765916,1,1,1
13.990163934337218,0,0,0
2.4602221742983437,1,1,1
3.466928077837108,1,1,1
0.9984019084047756,1,1,1
14.95702176518997,0,0,0
12.960044905191266,0,0,0
3.508541377287799,1,1,1
2.469322261220095,1,1,1
3.0081929472941416,1,1,1
15.950037678641905,0,0,0
11.00468134464325,0,0,0
4.983878590079042,1,1,1
12.49583045591471,0,0,0
12.949445958474737,0,0,0
2.495826430197585,1,1,1
12.479488832616635,0,0,0
4.478317208321698,1,1,1
14.430965258006584,0,0,1
0.5003484299936574,1,1,1
2.0134118070775284,1,1,1
3.010487898876681,1,1,1
4.976370686732817,1,1,1
12.448301436693317,0,0,0
8.9896773539902,0,0,0
17.943923495270308,0,0,0
2.015003990653053,1,1,1
2.978770778135503,1,1,1
14.969039852292868,0,0,0
12.463583610355672,0,0,1
2.504130425331574,1,1,1
1.9990987683920904,1,1,1
4.477521116533936,1,1,1
14.994747929482596,0,0,0
10.991071073964829,0,0,0
3.977172686540279,1,1,1
2.5062523337249596,1,1,1
3.4609190342856584,1,1,1
2.0037819953379166,1,1,1
12.448301436693317,0,0,0
4.486621203455687,1,1,1
1.9907947732581017,1,1,0
5.475923024938711,1,1,1
13.971434035675856,0,0,0
2.0134118070775284,1,1,1
2.978770778135503,1,1,1
13.9231089246667,0,0,1
15.464175330522838,0,0,0
3.4791192081291604,1,1,1
2.9961748601912426,1,1,1
0.5063574735451069,1,1,1
2.5145563288589483,1,1,1
2.483635299905533,1,1,1
12.480018557434494,0,0,0
2.483635299905533,1,1,0
5.977067546720131,1,1,1
1.968177739438675,1,1,1
13.473380557264736,0,0,0
4.482734068297623,1,1,1
14.434586026194747,0,0,0
14.45587724340855,0,0,0
1.0067059035387642,1,1,1
1.986377913282177,1,1,1
10.991071073964829,0,0,1
2.485930251488072,1,1,0
3.4729371213885574,0,1,1
13.979738030809845,0,0,0
12.956424137003102,0,0,1
3.4708152129951717,1,1,1
13.974525079046156,0,0,0
10.493110919334457,0,0,0
5.470710073175025,1,1,1
2.5010393819612724,1,1,1
2.9982967685846287,1,1,1
1.982490778124113,1,1,1
1.5138594688716336,1,1,1
11.980639262417753,0,0,0
15.501901494815465,0,0,0
13.4770013254529,0,0,1
3.963655739642603,1,1,1
3.0013878119549298,1,1,1
1.9764817345726637,1,1,1
10.490722643971171,0,0,0
4.46400416963626,1,1,1
3.9620635560670783,1,1,1
4.500934242141125,1,1,1
3.4994412903660477,1,1,1
3.4882192950509117,1,1,1
2.9748836429774395,1,1,1
11.954135093440263,0,0,0
2.9613666960797635,1,1,1
13.920720649303412,0,0,0
13.997142112865584,0,0,0
1.513063377083871,1,1,1
14.935730547976167,0,0,0
11.964031272149777,0,0,0
13.974258712076255,0,0,0
16.9494087220236,0,0,0
13.429472306231506,0,0,0
5.475923024938711,1,1,1
4.014898850832905,1,1,1
3.0157008506403677,1,1,1
2.0097910388893663,1,1,1
3.46772416962487,1,1,1
1.9764817345726637,1,1,1
11.977454895266703,0,0,0
3.0013878119549298,1,1,1
11.486829600793406,0,0,0
2.4828392081177704,1,1,1
3.9989936285719434,1,1,1
12.4892916875454,0,0,0
16.456568195376164,0,0,0
16.93951254331408,0,0,0
15.944028635090454,0,0,0
5.476719116726474,1,1,1
4.992978677000794,1,1,1
16.935095683338158,0,0,0
14.483177504173803,0,0,0
2.9938799086087036,1,1,1
14.955522905395192,0,0,0
2.9795668699232656,1,1,1
13.451293248263172,0,0,0
3.4911372952320594,1,1,1
12.44617952829993,0,0,0
1.493537386634746,1,1,1
13.505627402823775,0,0,0
1.0006968599873147,1,1,0
3.494228338602361,1,1,1
11.477106465273046,0,0,0
11.478698648848571,0,0,0
3.4625112178611834,1,1,1
3.4708152129951717,1,1,1
13.511106721557365,0,0,0
4.975574594945054,1,1,1
14.423457354660357,0,0,0
15.493597499681478,0,0,0
1.0127149470902137,1,1,1
12.948649866686974,0,0,0
2.497152246803209,1,1,1
11.982761170811138,0,0,0
4.4843262518731475,1,1,1
15.47928446099604,0,0,0
1.968177739438675,1,1,1
5.481932068490162,1,1,0
11.486206552194798,0,0,0
2.48884825166922,1,1,1
4.4843262518731475,1,1,1
12.998567161271655,0,0,0
3.9914857252257168,1,1,1
3.4791192081291604,1,1,1
15.465501147128462,0,0,0
15.436875069757587,0,0,0
2.476830164566321,1,1,1
4.472308164770249,1,1,1
1.5047593819498823,1,1,1
12.929919968025612,0,0,0
13.00006602106643,0,0,0
14.97213089566317,0,0,0
3.4609190342856584,1,1,1
5.485023111860462,1,1,1
11.964031272149777,0,0,0
12.970643851907791,0,0,0
11.9502479582822,0,0,0
11.489920644163709,0,0,0
13.984154890785767,0,0,0
2.9891966816628774,1,1,1
10.937533011191984,0,0,0
1.5018413817687346,1,1,1
11.487798735770323,0,0,0
15.952425954005191,0,0,0
4.979991454920979,1,1,1
4.975574594945054,1,1,1
2.4685261694323324,1,1,1
12.493708547521324,0,0,0
2.5010393819612724,1,1,1
12.450596388275857,0,0,0
15.432458209781661,0,0,0
3.007396855506379,1,1,1
14.497490542859241,0,0,0
3.9779687783280413,1,1,1
3.999789720359705,1,1,1
13.95791708877818,0,0,0
13.94705177509175,0,0,0
5.470710073175025,1,1,1
3.963655739642603,1,1,1
3.5077452855000364,1,1,0
3.971163642988829,1,1,1
14.97813993921462,0,0,0
12.492912455733563,0,0,0
4.008889807281456,1,1,1
14.951635770237129,0,0,0
12.944139682930302,0,0,0
2.977974686347741,1,1,1
2.483635299905533,1,1,1
4.974778503157292,0,1,1
9.973766223709536,0,0,0
12.49583045591471,0,0,0
3.962859647854841,1,1,1
16.00224992480912,0,0,0
12.485404552387335,0,0,0
4.46400416963626,1,1,1
2.960570604292001,1,1,1
1.9946819084161658,1,1,1
12.946527958293588,0,0,0
16.44128602171381,0,0,0
9.484812832220168,0,0,0
12.486200644175097,0,0,0
1.986377913282177,1,1,1
3.4768242565466214,1,1,1
3.9922818170134793,1,1,1
13.48610141237465,0,0,0
13.463577702335972,0,0,0
4.992978677000794,1,1,1
13.50121054284785,0,0,0
1.5047593819498823,1,1,1
12.92081988110386,0,0,0
14.42106907929707,0,0,1
12.937427871371838,0,0,0
12.470295421914134,0,0,0
13.489019412555798,0,0,0
2.015003990653053,1,1,1
11.936731011384524,0,0,0
3.9945767685960183,1,1,1
13.965954716942267,0,0,0
16.944818818858515,0,0,0
16.937217591731542,0,0,0
13.455803432019843,0,0,0
3.461715126073421,1,1,1
16.97202575584302,0,0,0
3.4934322468145984,1,1,1
12.956330813222355,0,0,0
12.949445958474737,0,0,0
3.4911372952320594,1,1,1
13.430268398019269,0,0,0
2.015003990653053,1,1,1
0.49204443485966876,1,1,1
14.48839045593749,0,0,0
4.468421029612185,1,1,1
1.4927412948469834,1,1,1
2.9847798216869528,1,1,1
2.4602221742983437,1,1,1
14.947748635079066,0,0,0
15.928123412829493,0,0,0
2.0037819953379166,1,1,1
15.431662117993898,0,0,0
4.47001321318771,1,1,1
15.421765939284384,0,0,0
1.5047593819498823,1,1,1
16.962925668921272,0,0,0
2.993083816820941,1,1,1
13.437776301365496,0,0,0
3.4625112178611834,1,1,1
11.486299875975545,0,0,0
1.4927412948469834,1,1,1
2.9696706912137523,1,1,1
2.0029859035501545,1,1,1
10.468901701939505,0,0,0
2.485930251488072,1,1,1
13.437603258176342,0,0,0
1.9938858166284033,1,1,1
3.50023738215381,1,1,1
11.478698648848571,0,0,0
1.0127149470902137,1,1,1
14.93732273155169,0,0,0
3.982385638303966,1,0,1
11.951746818076975,0,0,0
2.9613666960797635,1,1,1
13.941838823328064,0,0,0
11.987351073976217,0,0,0
15.950037678641905,0,0,0
2.015003990653053,1,1,1
2.4685261694323324,1,1,1
14.94562672668568,0,0,0
1.5070543335324216,1,1,1
3.0013878119549298,1,1,1
13.994847161283044,0,0,0
14.44165752850386,0,0,0
1.4904463432644444,1,1,1
1.5047593819498823,1,1,1
3.494228338602361,1,1,1
1.9938858166284033,1,1,1
4.976370686732817,1,1,1
3.4843321598928476,0,1,1
1.0067059035387642,1,1,1
13.434685257995195,0,0,0
11.967652040337939,0,0,0
14.940413774921993,0,0,1
10.97446308369685,0,0,0
2.5010393819612724,1,1,1
0.9840888697193375,1,1,1
3.983181730091728,1,1,1
4.970361643181367,1,1,1
2.5153524206467104,1,1,1
14.95702176518997,0,0,1
15.478488369208277,0,0,0
1.9847857297066522,1,1,1
1.4995464301861952,1,1,1
2.0037819953379166,1,1,1
4.492630247007137,1,1,0
13.45358819984571,0,0,0
15.973623847438247,0,0,0
1.9764817345726637,1,1,1
2.5101394688830236,1,1,1
3.4625112178611834,1,1,1
14.964356625347042,0,0,0
1.4904463432644444,1,1,1
13.988042025943832,0,0,0
16.444470388864858,0,0,0
15.434050393357186,0,0,0
1.0022890435628395,1,1,1
5.476719116726474,1,1,1
2.495826430197585,1,1,1
0.5063574735451069,1,1,0
0.5063574735451069,1,1,1
11.930721967833074,0,0,0
4.469217121399947,1,1,1
3.0013878119549298,1,1,1
11.987178030787064,0,0,0
1.5070543335324216,1,1,1
12.934336828001538,0,0,0
2.9922877250331785,1,1,1
2.5010393819612724,1,1,1
15.935724639956465,0,0,0
2.5062523337249596,1,1,1
15.92450264464133,0,0,0
15.451188108443024,0,0,0
2.9688745994259897,1,1,1
4.469217121399947,1,1,1
1.5018413817687346,1,1,1
12.47789664904111,0,0,0
1.5070543335324216,1,1,1
3.475232072971097,1,1,1
1.9764817345726637,1,1,1
11.99787030128434,0,0,0
3.479915299916923,1,1,1
12.480018557434494,0,0,0
15.96584957712212,0,0,0
14.959939765371116,0,0,0
9.977653358867599,0,0,0
14.441391161533959,0,0,0
15.495892451264016,0,0,0
17.432353069961515,0,0,0
16.433155069768976,0,0,0
4.47001321318771,1,1,1
9.976061175292074,0,0,0
1.0127149470902137,1,1,1
13.477797417240662,0,0,0
12.92081988110386,0,0,1
3.9922818170134793,1,1,1
3.4859243434683727,1,1,1
2.9808926865288887,1,1,1
14.947748635079066,0,0,0
14.484596644560174,0,0,0
2.9696706912137523,1,1,1
12.98186584722293,0,0,0
2.9808926865288887,1,1,1
3.48512825168061,1,1,1
2.491143203251759,1,1,1
0.9931889566410885,1,1,1
3.4994412903660477,1,1,1
4.486621203455687,1,1,1
2.4776262563540836,1,1,1
3.0081929472941416,1,1,1
16.468586282479066,0,0,0
12.493801871302072,0,0,0
2.993083816820941,1,1,1
1.5078504253201839,1,1,1
3.4791192081291604,1,1,0
1.982490778124113,1,1,0
4.475226164951397,1,1,0
0.9923928648533261,1,1,1
14.953134630031906,0,0,0
14.42106907929707,0,0,0
15.424950306435434,0,0,0
13.94642872649314,0,0,0
13.443255620099084,0,0,0
0.9840888697193375,1,1,1
3.9672765078307655,1,1,1
1.513063377083871,1,1,0
15.436968393538333,0,0,1
12.456605431827306,0,0,0
13.998467929471207,0,0,0
1.9946819084161658,1,1,0
15.424154214647672,0,0,0
2.977974686347741,1,1,0
13.488489687737937,0,0,0
3.971163642988829,1,1,1
4.983878590079042,1,1,1
4.500934242141125,1,1,0
3.4609190342856584,0,1,1
1.977277826360426,1,1,1
13.486194736155397,0,0,0
1.4995464301861952,1,1,1
2.5101394688830236,1,1,1
3.9914857252257168,1,1,1
1.513063377083871,1,1,1
13.48071541742181,0,0,0
3.9740816431699773,1,1,1
2.9961748601912426,1,1,1
16.462577238927615,0,0,0
0.9931889566410885,1,1,1
16.44128602171381,0,0,0
2.9961748601912426,1,0,1
3.9945767685960183,1,1,1
3.466928077837108,1,1,1
4.477521116533936,1,1,1
2.509343377095261,1,1,1
4.978665638315356,1,1,1
17.4375660217252,0,0,1
2.4602221742983437,1,1,1
12.966850040530476,0,0,0
12.44308848492963,0,0,0
3.9914857252257168,1,1,1
4.970361643181367,1,1,1
3.4625112178611834,1,1,1
2.516148512434473,1,1,1
15.442354388491175,0,0,0
1.982490778124113,1,1,1
15.474601234050214,0,0,0
13.95844681359604,0,0,0
14.959143673583355,0,0,0
12.9533330936328,0,0,0
13.975054803864017,0,0,1
2.469322261220095,1,1,1
1.9946819084161658,1,1,1
2.48884825166922,0,1,1
4.976370686732817,1,1,1
16.94552158686553,0,0,0
16.451182200423325,0,0,1
2.9748836429774395,1,1,1
13.455803432019843,0,0,0
12.469592653907121,0,0,0
0.9931889566410885,1,1,1
9.976061175292074,0,0,0
10.9684540401454,0,0,0
3.48512825168061,1,1,1
15.462676470728061,0,0,0
15.977337939407157,0,0,0
3.0164969424281303,1,1,1
1.9855818214944145,1,1,1
3.9680725996185275,1,1,1
17.431556978173752,0,0,0
11.48470769240002,0,0,0
1.4995464301861952,1,1,1
10.943542054743434,0,0,1
3.0096918070889185,1,1,1
13.972230127463618,0,0,1
14.927426552842178,0,0,1
0.9931889566410885,1,1,1
11.963235180362014,0,0,0
15.461084287152536,0,0,0
15.448363432042624,0,0,0
2.4867263432758344,1,1,1
11.483115508824497,0,0,0
10.480123697254642,0,0,0
1.9764817345726637,1,1,1
3.4911372952320594,1,1,1
2.516148512434473,1,1,1
3.479915299916923,1,1,1
4.482734068297623,1,1,1
15.453576383806311,0,0,0
16.44906029202994,0,0,0
3.9620635560670783,1,1,1
16.471677325849363,0,0,0
14.446870480267547,0,0,0
12.956424137003102,0,0,0
12.956424137003102,0,0,0
0.9840888697193375,1,1,1
12.464113335173533,0,0,0
12.97073717568854,0,0,0
2.9938799086087036,1,1,1
12.94732405008135,0,0,0
0.5011445217814198,1,1,1
-1.53648180946149e-19,1,1,0
2.0037819953379166,1,1,1
15.949241586854143,0,0,0
3.5077452855000364,1,1,1
10.997080117516276,0,0,0
14.96983594408063,0,0,0
2.9704667830015143,1,1,1
11.470394653714582,0,0,1
1.4761333045790064,1,1,1
4.974778503157292,1,1,1
12.983458030798452,0,0,0
3.96886869140629,1,1,1
4.468421029612185,1,1,1
13.431064489807031,0,0,0
3.006600763718617,1,1,1
3.98627277346203,1,1,1
13.93732863957139,0,0,0
3.9763765947525163,1,1,1
14.461090195172238,0,0,0
10.993459349328115,0,0,0
1.4844372997129949,1,1,1
1.493537386634746,1,1,1
15.977337939407157,0,0,0
1.5086465171079464,1,1,1
16.457894011981786,0,0,0
1.9954780002039278,1,1,1
16.935095683338158,0,0,1
13.448202204892869,0,0,0
13.464903518941595,0,0,0
1.982490778124113,1,1,1
14.461090195172238,0,0,0
3.4934322468145984,1,1,1
4.964352599629917,1,1,1
14.932905871575766,0,0,0
3.982385638303966,1,1,1
16.937217591731542,0,0,0
2.501835473749035,1,1,1
2.0134118070775284,1,1,1
3.5025323337363496,1,1,1
12.937427871371838,0,0,0
2.9613666960797635,1,1,1
14.454378383613772,0,0,0
1.5078504253201839,1,1,1
2.997500676796866,1,1,1
3.982385638303966,1,1,1
2.978770778135503,1,1,1
2.0059039037313022,1,1,1
2.9748836429774395,1,1,1
16.42043421465906,0,0,0
2.48884825166922,1,1,1
2.495030338409823,1,1,1
3.0021839037426923,1,1,1
11.48241274081748,0,0,0
16.463373330715378,0,0,0
3.46772416962487,1,1,1
4.984674681866805,1,1,1
1.513063377083871,1,1,1
3.4882192950509117,1,1,1
2.978770778135503,1,1,1
3.4609190342856584,1,1,1
4.969565551393605,1,1,1
2.474535212983782,1,1,1
1.9990987683920904,1,1,1
13.947224818280903,0,0,0
12.481517417229272,0,0,1
12.982661939010692,0,0,0
2.9795668699232656,1,1,1
13.972759852281479,0,0,0
2.50024329017351,1,1,1
12.462614475378755,0,0,0
19.4465609688268,0,0,0
2.9795668699232656,1,1,0
4.970361643181367,0,1,1
3.9914857252257168,1,1,1
1.4995464301861952,1,1,1
18.445864108839487,0,0,0
4.492630247007137,1,1,1
12.954831953427577,0,0,0
4.4736339813758725,1,1,1
3.9906896334379547,0,1,1
16.940308635101843,0,0,0
2.9748836429774395,1,1,1
2.5070484255127217,1,1,1
10.480123697254642,0,0,0
3.4716113047829342,1,1,1
13.462688286767461,0,0,0
4.4736339813758725,1,1,1
11.995482025921053,0,0,0
14.93961768313423,0,0,0
13.951641678256829,0,0,0
0.9931889566410885,1,1,1
1.5078504253201839,1,1,1
4.482734068297623,1,1,1
5.977067546720131,1,1,1
14.990860794324533,0,0,0
15.984845842753383,0,0,0
4.482734068297623,1,1,1
15.942529775295679,0,0,0
9.476508837086179,0,0,0
16.947113770441057,0,0,0
13.989367842549456,0,0,0
3.5168453724217876,1,1,1
5.990584493617807,1,1,1
15.43846725333311,0,0,0
2.9688745994259897,1,1,1
4.975574594945054,1,1,1
3.98627277346203,1,1,1
5.485023111860462,1,1,1
3.9740816431699773,1,1,1
14.941739591527616,0,0,0
4.984674681866805,1,1,1
1.991590865045864,1,1,1
12.94423300671105,0,0,0
15.470184374074288,0,0,0
2.4828392081177704,1,1,1
12.466501610536818,0,0,0
15.439793069938734,0,0,0
12.459696475197608,0,0,0
15.424154214647672,0,0,0
11.975956035471928,0,0,0
12.990169842356918,0,0,0
3.9719597347765916,1,1,1
2.000690951967615,1,1,1
11.492215595746249,0,0,0
15.430163258199121,0,0,1
16.429267934610913,0,0,0
2.0097910388893663,1,1,1
3.4934322468145984,1,1,1
2.495826430197585,1,1,1
16.453477152005863,0,0,1
14.507916446386615,0,0,0
4.000585812147468,1,1,1
4.477521116533936,1,1,1
14.465773422118064,0,0,0
12.939020054947363,0,0,0
11.479494740636333,0,0,0
3.498645198578286,1,1,1
4.469217121399947,1,1,1
4.964352599629917,1,1,1
4.974778503157292,1,1,1
2.960570604292001,1,1,1
2.509343377095261,1,1,1
3.5077452855000364,1,1,1
4.964352599629917,1,1,1
13.956947953801263,0,0,0
14.476199325645437,0,0,0
12.465175793931197,0,0,0
11.503437591061383,0,0,0
14.970632035868393,0,0,0
15.429367166411359,0,0,0
2.0097910388893663,1,1,1
2.9696706912137523,1,1,1
14.492900639694163,0,0,0
3.9763765947525163,1,1,1
15.484497412759726,0,0,0
13.956324905202655,0,0,0
2.476830164566321,1,1,1
12.50493054283646,0,0,0
15.430163258199121,0,0,0
3.963655739642603,1,1,1
3.4700191212074096,1,1,0
3.9914857252257168,1,1,1
3.9732855513822147,1,1,1
12.949445958474737,0,0,0
13.95562213719564,0,0,0
1.9764817345726637,1,1,1
13.48981550434356,0,0,1
1.968177739438675,1,1,1
13.990163934337218,0,0,0
10.943542054743434,0,0,0
13.434685257995195,0,0,0
2.9961748601912426,1,1,1
4.46400416963626,1,1,1
1.0075019953265265,1,1,1
14.42425344644812,0,0,0
2.997500676796866,1,1,1
3.9815895465162034,1,1,1
11.999369161079116,0,0,0
16.951530630416983,0,0,0
-1.53648180946149e-19,1,1,1
3.4768242565466214,1,1,1
3.9740816431699773,1,1,0
2.978770778135503,1,1,1
13.505627402823775,0,0,0
12.970643851907791,0,0,0
11.487798735770323,0,0,0
3.0157008506403677,1,1,1
1.502637473556497,1,1,1
11.991065165945127,0,0,0
2.476830164566321,1,1,1
14.470283605874735,0,0,0
4.474430073163635,1,1,1
10.97446308369685,0,0,1
15.470184374074288,0,0,0
2.0134118070775284,1,1,1
1.982490778124113,1,1,0
12.468796562119358,0,0,0
11.443890484737091,0,0,0
3.9945767685960183,1,1,1
17.937914451718857,0,0,0
17.44277897348889,0,0,0
1.9954780002039278,1,1,1
1.5034335653442592,1,1,1
12.992558117720204,0,0,0
3.4994412903660477,1,1,1
12.944935774718063,0,0,0
2.0081988553138412,1,1,1
1.9954780002039278,1,1,1
12.474805605670808,0,0,1
12.979837262610292,0,0,0
3.4708152129951717,1,1,1
13.462781610548209,0,0,0
3.9732855513822147,1,1,0
9.959453185024097,0,0,0
3.4859243434683727,1,1,1
10.976758035279389,0,0,1
15.453576383806311,0,0,0
3.9763765947525163,1,1,1
11.952542909864738,0,0,0
3.0157008506403677,1,1,0
12.993354209507967,0,0,0
2.0029859035501545,1,1,1
12.963758997160175,0,0,1
4.482734068297623,1,1,1
1.5034335653442592,1,1,1
14.470283605874735,0,0,0
15.450658383625163,0,0,0
3.4911372952320594,1,1,1
4.46400416963626,1,1,1
2.485930251488072,1,1,1
3.0021839037426923,1,1,0
15.436078977969824,0,0,0
3.0157008506403677,1,1,1
3.481241116522546,1,1,1
3.9906896334379547,1,1,0
2.015003990653053,1,1,1
9.484016740432406,0,0,0
15.971328895855708,0,0,0
1.493537386634746,1,1,1
15.487588456130027,0,0,0
3.476028164758859,1,1,1
17.44277897348889,0,0,0
11.49071673595147,0,0,0
12.98584630616174,0,0,0
2.5197692806226355,1,1,1
17.452675152198402,0,0,0
10.997080117516276,0,0,0
16.44358097329635,0,0,0
3.9680725996185275,1,1,1
3.498645198578286,1,1,1
3.9719597347765916,1,1,1
14.461183518952984,0,0,0
10.488427692388631,0,0,0
13.500507774840836,0,0,0
2.9891966816628774,1,1,1
4.975574594945054,1,1,1
4.477521116533936,1,1,1
14.921417509290727,0,0,0
0.9840888697193375,1,1,1
13.945632634705378,0,0,0
4.975574594945054,1,1,1
3.98627277346203,1,1,1
13.981063847415466,0,0,0
4.969565551393605,1,1,1
14.953227953812654,0,0,0
12.487792827750622,0,0,0
12.487699503969875,0,0,0
11.983463938818154,0,0,1
13.440694301546644,0,0,0
2.474535212983782,1,1,1
1.0127149470902137,1,1,1
11.478698648848571,0,0,0
11.474015421902745,0,0,0
13.935033687988852,0,0,0
1.4927412948469834,1,1,1
2.476830164566321,0,1,1
14.950839678449366,0,0,0
11.453786663446605,0,0,0
12.500513682860536,0,0,0
14.927426552842178,0,0,0
3.4911372952320594,1,1,1
3.4609190342856584,1,1,1
12.489821412363261,0,0,0
12.939020054947363,0,0,0
3.4700191212074096,1,1,1
11.944238914730748,0,0,0
14.466569513905826,0,0,0
2.4602221742983437,1,1,1
12.978245079034767,0,0,0
3.479915299916923,1,1,1
2.476830164566321,1,1,1
0.5003484299936574,1,1,1
2.977974686347741,1,1,0
13.96074176517858,0,0,0
10.991867165752591,0,0,0
2.5145563288589483,1,1,0
2.4776262563540836,1,1,1
16.938013683519305,0,0,0
12.9533330936328,0,0,0
2.5153524206467104,1,1,1
12.46049256698537,0,0,0
2.0089949471016038,1,1,1
3.4820372083103086,1,1,1
2.9847798216869528,1,0,1
4.4843262518731475,1,1,0
3.50023738215381,1,1,1
14.006771924605195,0,0,0
13.471085605682198,0,0,0
9.475712745298416,0,0,0
3.489545111656535,1,1,1
3.010487898876681,1,1,1
3.9945767685960183,1,1,1
14.429466398211806,0,0,0
13.9561518620135,0,0,0
1.9938858166284033,1,1,1
3.983181730091728,1,1,1
10.999468392879564,0,0,0
4.47001321318771,1,1,1
3.962859647854841,1,1,1
2.474535212983782,0,1,1
2.5101394688830236,1,1,1
14.461886286959999,0,0,0
16.457364287163927,0,0,0
14.981230982584922,0,0,0
0.9840888697193375,1,1,1
10.978350218854914,0,0,0
13.966048040723015,0,0,0
4.992978677000794,1,1,1
12.957220228790865,0,0,0
15.952332630224443,0,0,1
13.452089340050934,0,0,0
1.986377913282177,1,1,1
11.964560996967638,0,0,0
1.9946819084161658,1,1,1
12.000165252866879,0,0,0
2.9891966816628774,1,1,1
16.932004639967857,0,0,0
12.455279615221682,0,0,0
3.494228338602361,1,1,1
11.97074308370824,0,0,0
12.470388745694883,0,0,0
10.976055267272375,0,0,0
11.435586489603104,0,0,0
15.975745755831634,0,0,0
11.935138827808998,0,0,1
13.482480644186488,0,0,0
13.975148127644767,0,0,0
10.478797880649019,0,0,0
2.977974686347741,1,1,1
2.015003990653053,1,1,1
11.486206552194798,0,0,0
13.965424992124406,0,0,0
4.983878590079042,1,1,1
2.4979483385909713,1,1,1
14.473108282275136,0,0,0
4.008889807281456,1,1,1
3.4716113047829342,0,1,1
4.975574594945054,1,1,1
13.990163934337218,0,0,0
3.999789720359705,1,1,1
14.437770393345795,0,0,0
13.928321876430386,0,0,0
2.9808926865288887,1,1,1
14.92539796822954,0,0,0
2.9665796478434507,1,1,1
16.457894011981786,0,0,0
12.964728132137092,0,0,0
3.48512825168061,1,1,0
2.015003990653053,1,1,1
11.458999615210294,0,0,0
4.475226164951397,1,1,1
14.459591335377459,0,0,0
15.450658383625163,0,0,0
15.956749490200368,0,0,0
13.997671837683445,0,0,0
10.943542054743434,0,0,0
15.984049750965621,0,0,0
3.4708152129951717,1,1,1
12.914014745764648,0,0,0
1.4927412948469834,1,1,1
4.475226164951397,1,1,1
3.977172686540279,1,1,1
14.927426552842178,0,0,0
14.955522905395192,0,0,0
14.502703494622928,0,0,0
11.013781431565002,0,0,0
12.969144992113016,0,0,0
2.997500676796866,1,1,1
1.5078504253201839,1,1,1
3.489545111656535,1,1,0
13.928321876430386,0,0,0
11.48700264398256,0,0,0
14.492900639694163,0,0,0
4.000585812147468,1,1,1
4.992978677000794,1,1,1
17.939506635294382,0,0,0
16.461078379132836,0,0,1
4.500934242141125,1,1,1
2.0037819953379166,1,1,1
1.986377913282177,1,1,0
13.920720649303412,0,0,0
1.4904463432644444,1,1,1
1.9855818214944145,1,1,1
4.969565551393605,1,1,1
13.964628900336644,0,0,0
5.475923024938711,1,1,0
3.9779687783280413,1,1,1
13.933534828194075,0,0,0
9.991170305765277,0,0,0
14.92221360107849,0,0,0
2.002189811762392,1,1,1
12.483905692592558,0,0,0
2.0051078119435397,1,1,1
2.9922877250331785,1,1,1
4.463208077848498,1,1,1
3.9906896334379547,1,1,1
3.476028164758859,1,1,1
13.928321876430386,0,0,0
3.010487898876681,1,1,1
3.4768242565466214,1,1,1
0.9931889566410885,1,1,1
12.977448987247005,0,0,0
15.501901494815465,0,0,0
2.9756797347652015,1,1,1
10.454588663254068,0,0,0
14.98043489079716,0,0,0
12.490087779333162,0,0,0
16.941104726889606,0,0,1
5.475923024938711,1,1,1
4.992978677000794,1,1,1
1.9990987683920904,1,1,0
13.468167605501051,0,0,0
12.487792827750622,0,0,0
1.991590865045864,1,1,1
15.932806639775318,0,0,0
14.448369340062323,0,0,0
3.007396855506379,1,1,1
1.4995464301861952,1,1,1
5.475923024938711,1,1,1
3.4716113047829342,1,1,1
13.426381262861206,0,0,0
1.498750338398433,1,1,1
2.9831876381114277,1,1,1
10.476409605285731,0,0,0
1.9968038168095512,1,0,1
3.481241116522546,1,1,1
1.9946819084161658,1,1,1
4.992978677000794,1,1,1
15.431662117993898,0,0,0
0.9923928648533261,1,1,1
11.968448132125701,0,0,0
11.444686576524854,0,0,0
4.483530160085385,1,1,1
12.455279615221682,0,0,0
2.9704667830015143,1,1,1
3.0081929472941416,1,1,1
1.4927412948469834,1,1,0
10.997080117516276,0,0,0
2.000690951967615,1,1,0
3.4820372083103086,1,1,1
4.969565551393605,1,1,1
9.493116827354157,0,0,0
17.94471958705807,0,0,1
2.9613666960797635,1,1,1
15.427774982835835,0,0,0
2.9808926865288887,1,1,1
12.984254122586215,0,0,0
4.98909154184273,1,1,1
12.967819175507394,0,0,0
4.467624937824423,1,1,1
12.457401523615069,0,0,0
11.471190745502344,0,0,0
1.4852333915007572,1,1,1
8.977659266887299,0,0,0
13.406059180624318,0,0,0
16.93280073175562,0,0,0
14.464274562323286,0,0,0
14.978936031002382,0,0,0
10.501414914468446,0,0,0
3.479915299916923,1,1,1
3.4843321598928476,1,1,1
3.9620635560670783,0,1,1
3.48512825168061,1,1,1
2.9938799086087036,1,1,1
1.4927412948469834,1,0,1
10.451497619883765,0,0,0
3.9922818170134793,1,1,1
4.479643024927322,1,1,1
11.471986837290107,0,0,0
4.990683725418254,1,1,1
14.003151156417033,0,0,0
4.969565551393605,1,1,1
13.458098383602383,0,0,0
9.97164431531615,0,0,0
2.4828392081177704,1,1,1
3.5077452855000364,1,1,1
10.465810658569204,0,0,0
11.481086924211859,0,0,0
11.965530131944554,0,0,0
11.9382298711793,0,0,0
2.491143203251759,1,1,1
5.977067546720131,1,1,1
3.96886869140629,1,1,1
13.44846857186277,0,0,0
13.449171339869785,0,0,0
2.491143203251759,1,1,1
3.9612674642793158,1,1,1
2.960570604292001,1,0,1
2.9795668699232656,1,1,1
12.969144992113016,0,0,0
11.972335267283764,0,0,0
13.939716914934678,0,0,0
13.969139084093316,0,0,0
0.9931889566410885,1,1,1
12.940345871552987,0,0,0
10.005483344450713,0,0,0
14.950839678449366,0,0,0
10.992663257540352,0,0,0
9.998678209111501,0,0,0
13.971434035675856,0,0,0
16.465668282297916,0,0,1
4.463208077848498,1,1,1
3.4625112178611834,1,1,1
4.482734068297623,1,0,1
11.985056122393678,0,0,0
3.96886869140629,1,1,1
15.454372475594074,0,0,0
12.432662581402257,0,0,0
3.498645198578286,1,1,1
4.478317208321698,1,1,1
14.915408465739278,0,0,0
2.4927353868272837,1,1,1
4.000585812147468,1,1,1
3.481241116522546,1,1,1
2.5062523337249596,1,1,1
8.485614832027629,0,0,0
13.931412919800689,0,0,0
12.972236035483316,0,0,0
10.994958209122892,0,0,0
15.459492103577013,0,0,0
2.487522435063597,0,0,1
15.936693774933383,0,0,0
15.456667427176612,0,0,0
14.968243760505105,0,0,0
8.983668310438748,0,0,0
3.9815895465162034,1,0,1
4.491834155219374,1,1,1
2.9795668699232656,1,1,1
3.489545111656535,1,1,1
1.4844372997129949,1,1,0
11.430373537839417,0,0,0
2.505456241937197,1,1,1
2.491939295039521,1,1,0
2.9831876381114277,1,1,1
0.9923928648533261,1,1,1
4.476725024746173,1,1,1
1.4852333915007572,1,1,1
13.98724593415607,0,0,0
4.474430073163635,1,1,1
10.965629363745002,0,0,0
17.433149161749277,0,0,0
3.466928077837108,1,1,1
17.447462200434714,0,0,0
11.449899528288542,0,0,0
4.474430073163635,1,1,1
16.453477152005863,0,0,0
2.9922877250331785,1,1,1
4.008889807281456,1,1,1
4.469217121399947,1,1,1
12.467470745513737,0,0,0
13.960835088959326,0,0,0
2.474535212983782,1,1,1
3.9922818170134793,1,1,1
9.990640580947415,0,0,0
4.992978677000794,1,1,1
17.444371157064413,0,0,1
9.959453185024097,0,0,0
11.488594827558085,0,0,0
3.962859647854841,1,1,1
11.472689605297122,0,0,0
13.425585171073443,0,0,0
1.968177739438675,1,1,1
12.974357943876702,0,0,0
2.9922877250331785,1,1,1
2.0059039037313022,1,1,0
18.44815906042203,0,0,0
13.473910282082597,0,0,0
4.978665638315356,1,1,1
13.43936848494102,0,0,0
2.9938799086087036,1,1,1
3.9620635560670783,1,1,1
2.483635299905533,1,1,1
10.495405870916997,0,0,0
12.496096822884612,0,0,0
5.476719116726474,1,1,1
16.445173156871874,0,0,0
3.9672765078307655,1,1,1
11.430373537839417,0,0,0
3.4625112178611834,1,1,1
9.978356126874614,0,0,0
3.0013878119549298,1,1,1
12.930622736032626,0,0,0
2.483635299905533,1,1,1
2.495826430197585,1,1,1
18.439058973500277,0,0,1
12.48328264399395,0,0,0
12.920023789316097,0,0,0
5.977067546720131,1,1,1
13.009166107988182,0,0,0
10.978350218854914,0,0,0
13.957650721808278,0,0,0
12.976652895459242,0,0,0
4.974778503157292,1,1,1
3.4859243434683727,1,1,1
13.933534828194075,0,0,0
13.932115687807704,0,0,0
14.917796741102565,0,0,0
4.482734068297623,1,1,1
3.9854766816742675,1,1,1
2.48884825166922,1,1,0
15.944824726878217,0,0,0
13.960835088959326,0,0,0
1.4852333915007572,1,1,0
12.988844025751295,0,0,0
3.4791192081291604,1,1,1
2.000690951967615,1,1,1
17.93040654837263,0,0,0
13.95791708877818,0,0,0
2.505456241937197,1,1,1
3.962859647854841,1,1,1
12.465705518749058,0,0,0
3.4911372952320594,1,1,1
2.9704667830015143,1,1,1
11.461294566792832,0,0,0
14.425752306242897,0,0,0
10.977554127067151,0,0,0
4.4736339813758725,0,1,1
11.456877706816908,0,0,0
2.4927353868272837,1,1,1
2.501835473749035,1,1,1
14.431761349794346,0,0,0
12.41057527240069,0,0,0
1.4844372997129949,1,1,0
12.004052388024943,0,0,0
9.480395972244244,0,0,0
4.509238237275113,1,1,1
3.9914857252257168,1,1,1
4.969565551393605,1,1,1
3.9612674642793158,1,1,1
11.940618146542587,0,0,0
3.988567725044569,1,1,1
18.92589045659626,0,0,0
11.49530663911655,0,0,0
15.979632890989697,0,0,0
14.908696654180815,0,0,0
14.448899064880184,0,0,0
13.463577702335972,0,0,0
4.998987720552243,1,1,1
12.481517417229272,0,0,0
3.006600763718617,1,1,1
3.971163642988829,1,1,1
15.44076220491565,0,0,0
0.49204443485966876,0,1,1
1.4844372997129949,1,1,0
13.935033687988852,0,0,0
14.452083432031234,0,0,0
3.011813715482304,1,1,1
1.9946819084161658,1,1,1
11.993360117527667,0,0,0
1.968177739438675,1,1,1
12.95792299679788,0,0,0
11.966326223732317,0,0,0
3.0013878119549298,1,1,0
3.977172686540279,1,1,1
2.978770778135503,1,1,1
15.441558296703413,0,0,0
3.9620635560670783,1,0,1
4.483530160085385,1,1,1
2.4867263432758344,1,1,0
11.951044050069962,0,0,0
12.957220228790865,0,0,0
10.445488576332316,0,0,0
4.984674681866805,1,1,1
8.485614832027629,0,0,0
2.9831876381114277,1,1,0
1.498750338398433,1,1,1
17.931202640160393,0,0,0
12.944935774718063,0,0,0
14.43308716639997,0,0,0
11.992034300922045,0,0,0
12.930622736032626,0,0,0
3.5077452855000364,1,1,1
4.992978677000794,1,1,1
11.491685870928388,0,0,0
15.953128722012206,0,0,0
13.009962199775945,0,0,0
10.95652927682325,0,0,0
13.95562213719564,0,0,0
10.487101875783008,0,0,0
11.96712231552008,0,0,0
14.445278296692022,0,0,0
14.43308716639997,0,0,0
11.499723499092473,0,0,0
9.484016740432406,0,0,0
2.491143203251759,1,1,1
2.9688745994259897,1,1,1
4.980787546708742,1,0,1
14.948015002048967,0,0,0
3.975580502964754,1,1,1
4.4736339813758725,1,1,1
12.491586639127938,0,0,0
3.9732855513822147,1,1,1
15.416646311301447,0,0,0
1.4943334784225084,1,1,1
3.476028164758859,1,1,1
16.43836802153266,0,0,0
4.500934242141125,1,1,1
1.4852333915007572,1,1,1
12.432662581402257,0,0,0
15.930511688192778,0,0,0
4.992978677000794,0,1,1
13.91400883774495,0,0,0
1.9855818214944145,1,1,1
3.962859647854841,1,1,1
15.954720905587731,0,0,0
8.987555445596811,0,0,0
16.418139263076526,0,0,0
3.481241116522546,1,1,0
16.42564716642275,0,0,0
15.418941262883985,0,0,0
4.975574594945054,1,1,1
15.407452900598948,0,0,0
4.46400416963626,1,1,1
0.49204443485966876,1,1,1
3.9620635560670783,1,1,1
3.4994412903660477,1,1,1
14.930610919993226,0,0,0
14.472578557457275,0,0,0
11.502111774455761,0,0,0
2.9795668699232656,1,1,1
17.451082968622877,0,0,1
3.481241116522546,1,1,1
2.485930251488072,1,1,1
12.97674621923999,0,0,0
1.9847857297066522,1,1,0
9.979948310450139,0,0,0
4.984674681866805,1,1,1
15.456667427176612,0,0,0
10.480123697254642,0,0,0
11.9653570887554,0,0,0
12.971439943695554,0,0,0
3.977172686540279,1,1,1
2.9831876381114277,1,1,1
1.9968038168095512,1,1,1
15.416646311301447,0,0,0
4.983878590079042,1,1,1
2.5070484255127217,1,1,1
2.9961748601912426,1,1,1
2.98999277345064,1,1,1
13.443255620099084,0,0,0
10.99133744093473,0,0,0
12.998740204460809,0,0,0
3.5025323337363496,1,1,1
11.975426310654067,0,0,0
14.432464117801361,0,0,0
2.5070484255127217,1,1,1
3.4729371213885574,1,0,1
3.4716113047829342,1,1,1
10.488427692388631,0,0,0
11.969150900132714,0,0,0
16.954621673787283,0,0,1
4.46400416963626,1,1,1
17.924397504821183,0,0,0
12.507225494419,0,0,0
13.466402378736372,0,0,0
14.938821591346468,0,0,0
4.486621203455687,1,1,1
3.98627277346203,1,1,1
10.502211006256209,0,0,0
2.9613666960797635,1,1,1
3.999789720359705,1,1,0
13.951641678256829,0,0,0
1.4927412948469834,1,1,0
3.494228338602361,1,1,1
15.970532804067945,0,0,0
4.964352599629917,1,1,1
15.459492103577013,0,0,0
12.437079441378181,0,0,0
2.9704667830015143,1,1,1
8.997981349124187,0,0,0
13.454384291633472,0,0,0
16.468586282479066,0,0,1
4.964352599629917,1,1,1
3.9922818170134793,1,1,1
3.4963502469957466,1,1,1
3.475232072971097,1,1,1
11.443890484737091,0,0,0
2.505456241937197,1,1,1
4.475226164951397,1,1,1
10.990541349146966,0,0,0
2.0051078119435397,1,1,1
3.48512825168061,1,1,0
0.9984019084047756,1,1,1
4.4843262518731475,1,1,1
11.990269074157366,0,0,0
15.938815683326768,0,0,0
13.967719943706946,0,0,0
10.945837006325974,0,0,0
13.468167605501051,0,0,0
0.9840888697193375,1,1,1
4.984674681866805,1,1,1
12.963932040349329,0,0,0
11.998043344473494,0,0,0
3.498645198578286,1,1,0
1.4904463432644444,1,1,1
2.4867263432758344,1,1,1
13.94051300672244,0,0,0
2.9914916332454164,1,1,1
11.960144136991712,0,0,0
16.955417765575046,0,0,0
2.9748836429774395,1,1,1
13.45730229181462,0,0,0
14.933435596393627,0,0,0
2.9862786814817293,1,1,1
12.484078735781713,0,0,0
12.491586639127938,0,0,0
15.910189605955892,0,0,0
3.9815895465162034,1,1,1
3.4994412903660477,1,1,0
2.476830164566321,1,0,1
1.4844372997129949,1,1,1
14.955522905395192,0,0,0
3.5025323337363496,1,1,1
4.486621203455687,1,1,1
13.431064489807031,0,0,0
12.957749953608726,0,0,0
13.415159267546068,0,0,0
11.465711426768756,0,0,0
3.4911372952320594,1,1,1
3.4768242565466214,1,1,1
2.4867263432758344,1,1,1
10.963241088381714,0,0,0
12.466501610536818,0,0,0
11.490623412170724,0,0,0
14.465773422118064,0,0,0
2.491939295039521,1,1,1
13.476471600635039,0,0,0
1.4761333045790064,1,1,1
9.979948310450139,0,0,0
3.5025323337363496,1,1,1
10.494609779129235,0,0,0
1.9847857297066522,1,1,1
2.993083816820941,1,1,1
5.977067546720131,1,1,1
13.907203702405738,0,0,0
11.444686576524854,0,0,0
4.978665638315356,1,1,1
2.505456241937197,1,1,1
12.453687431646157,0,0,0
2.9665796478434507,1,0,1
16.416547079501,0,0,0
12.949445958474737,0,0,0
16.4708812340616,0,0,1
2.9808926865288887,1,1,1
15.943232543302694,0,0,0
3.999789720359705,1,1,1
4.964352599629917,1,1,1
13.48380646079211,0,0,0
12.502012542655311,0,0,0
8.9927683973605,0,0,0
12.465878561938212,0,0,0
1.4852333915007572,1,1,1
3.4700191212074096,1,1,1
13.436277441570718,0,0,0
10.487804643790021,0,0,0
3.514550420839248,1,1,1
16.929709688385316,0,0,0
4.969565551393605,1,1,1
15.955423673594744,0,0,0
4.46400416963626,1,1,1
4.477521116533936,1,1,1
3.963655739642603,1,1,1
17.943923495270308,0,0,1
17.433149161749277,0,0,1
13.944929866698365,0,0,0
13.502006634635613,0,0,0
10.989572214170051,0,0,0
11.966855948550176,0,0,0
3.9612674642793158,1,1,1
0.9923928648533261,1,1,1
16.919986552864955,0,0,0
3.9620635560670783,1,1,1
11.97074308370824,0,0,0
4.482734068297623,1,1,1
12.942111098317664,0,0,0
3.46772416962487,1,1,1
15.938019591539005,0,0,0
13.461189426972684,0,0,0
12.450862755245758,0,0,0
2.497152246803209,1,1,1
12.929919968025612,0,0,0
12.428775446244192,0,0,0
14.938118823339453,0,0,0
9.995853532711102,0,0,0
9.973766223709536,0,0,0
3.48512825168061,1,1,1
2.483635299905533,1,1,0
2.474535212983782,1,1,0
3.9914857252257168,1,1,0
2.505456241937197,1,1,1
2.495030338409823,1,1,1
11.007772388013553,0,0,0
2.9891966816628774,1,1,0
1.9998948601798525,1,1,1
12.97904117082253,0,0,0
13.481511509209572,0,0,1
4.976370686732817,1,1,1
4.469217121399947,1,1,1
3.9914857252257168,1,0,1
12.978245079034767,0,0,0
16.479981320983356,0,0,1
15.462676470728061,0,0,0
11.49301168753401,0,0,0
10.489396827365546,0,0,0
10.965362996775099,0,0,0
0.9984019084047756,1,1,1
13.964628900336644,0,0,0
8.979251450462824,0,0,0
3.461715126073421,1,1,1
12.966226991931869,0,0,0
14.489186547725252,0,0,0
12.933011011395914,0,0,0
12.422766402692742,0,0,0
10.49620196270476,0,0,0
2.9696706912137523,1,1,1
15.925298736429092,0,0,0
9.998678209111501,0,0,0
3.4994412903660477,1,1,1
3.977172686540279,0,1,1
16.430860118186438,0,0,1
1.9946819084161658,1,1,0
10.9684540401454,0,0,0
4.000585812147468,1,1,1
10.975961943491626,0,0,0
2.000690951967615,1,1,1
16.412130219525075,0,0,0
3.481241116522546,1,1,0
14.415856127533383,0,0,0
2.9847798216869528,1,1,1
4.478317208321698,1,1,1
1.968177739438675,1,1,1
1.5047593819498823,1,1,1
14.416652219321145,0,0,0
16.925995596416406,0,0,0
14.91938892467809,0,0,0
12.98213221419283,0,0,0
15.93961177511453,0,0,0
13.908795885981263,0,0,0
13.944133774910602,0,0,0
12.923910924474162,0,0,0
1.9954780002039278,1,1,1
2.5070484255127217,1,1,1
2.997500676796866,1,1,1
1.968177739438675,1,1,0
11.945035006518511,0,0,0
3.9906896334379547,1,1,1
12.49300577951431,0,0,0
12.942640823135525,0,0,0
4.006594855698917,1,1,1
1.982490778124113,1,1,1
11.505732542643923,0,0,0
12.436283349590418,0,0,0
13.415159267546068,0,0,0
15.424154214647672,0,0,0
3.4791192081291604,1,1,0
11.9533390016525,0,0,0
11.46279342658761,0,0,0
12.962433180554552,0,0,0
2.978770778135503,1,1,1
1.493537386634746,1,1,1
2.4602221742983437,1,1,1
12.482486552206188,0,0,0
12.97904117082253,0,0,0
10.489396827365546,0,0,0
4.500934242141125,1,1,1
0.9840888697193375,1,1,1
4.469217121399947,1,1,1
2.491143203251759,1,1,1
11.45448943145362,0,0,0
15.458789335569998,0,0,1
3.461715126073421,1,1,1
12.956953861820963,0,0,0
1.5047593819498823,1,1,1
14.98043489079716,0,0,0
14.443156388298636,0,0,0
2.9748836429774395,1,1,1
12.998740204460809,0,0,0
16.432452301761963,0,0,0
4.483530160085385,1,1,0
3.475232072971097,1,1,1
14.489186547725252,0,0,0
15.954720905587731,0,0,0
2.0051078119435397,1,1,1
3.999789720359705,1,1,1
8.477310836893642,0,0,0
10.49620196270476,0,0,0
4.976370686732817,1,1,1
12.942111098317664,0,0,0
3.962859647854841,1,1,1
2.9990928603723903,1,1,1
0.9923928648533261,1,1,1
2.4784223481418457,1,1,1
4.463208077848498,1,1,1
2.469322261220095,1,1,1
11.421273450917665,0,0,0
3.9815895465162034,1,1,1
4.4736339813758725,1,1,1
9.970848223528387,0,0,0
14.933701963363529,0,0,0
15.451188108443024,0,0,0
5.977067546720131,1,1,1
1.9954780002039278,1,1,1
3.461715126073421,1,1,1
3.479915299916923,1,1,1
3.9914857252257168,1,1,1
5.485023111860462,1,1,1
5.977067546720131,1,1,1
4.998987720552243,0,1,1
2.9961748601912426,1,1,1
0.9931889566410885,1,1,1
3.461715126073421,1,1,1
1.4927412948469834,1,1,0
17.928814364797105,0,0,0
15.467093330703987,0,0,1
13.940419682941691,0,0,0
16.938013683519305,0,0,0
1.4844372997129949,1,1,1
13.963130040541866,0,0,0
1.4761333045790064,1,1,0
5.991380585405569,1,1,1
2.9878708650572543,1,1,1
17.431556978173752,0,0,0
2.5010393819612724,1,1,0
2.9891966816628774,1,1,1
1.493537386634746,1,1,1
4.46400416963626,1,1,1
15.460288195364774,0,0,0
14.98043489079716,0,0,0
3.46772416962487,1,1,1
4.964352599629917,1,1,1
12.959515180373405,0,0,0
1.9907947732581017,1,1,1
5.499336150545901,1,1,1
10.988246397564428,0,0,0
12.948822909876128,0,0,0
17.931202640160393,0,0,0
13.407651364199843,0,0,0
14.961531948946641,0,0,1
3.4625112178611834,1,1,1
16.922904553046106,0,0,0
3.4820372083103086,1,1,1
1.991590865045864,1,1,1
4.492630247007137,1,1,1
3.4625112178611834,1,1,1
2.9704667830015143,1,1,1
3.9914857252257168,1,1,1
2.505456241937197,1,1,1
16.439960205108186,0,0,1
17.424049074827526,0,0,0
3.5077452855000364,1,1,0
11.969150900132714,0,0,0
17.925193596608946,0,0,0
12.46049256698537,0,0,0
4.475226164951397,1,1,1
12.43398839800788,0,0,0
9.476508837086179,0,0,0
13.933707871383229,0,0,0
1.4995464301861952,1,1,1
3.476028164758859,1,1,1
3.489545111656535,0,1,1
4.478317208321698,1,1,1
13.950938910249814,0,0,0
11.982934214000293,0,0,0
3.476028164758859,1,1,1
14.451287340243471,0,0,0
14.452083432031234,0,0,0
3.9959025852016414,1,1,1
2.48884825166922,1,1,1
4.008889807281456,1,1,1
2.487522435063597,1,1,1
4.008889807281456,1,0,1
3.475232072971097,1,1,1
1.9946819084161658,1,1,1
2.9891966816628774,1,1,1
10.987450305776665,0,0,0
2.9922877250331785,1,1,1
2.50024329017351,1,1,0
4.998987720552243,1,1,1
14.941209866709755,0,0,0
4.471512072982486,1,1,1
2.9878708650572543,1,1,1
14.967447668717345,0,0,0
14.449961523637848,0,0,0
15.979632890989697,0,0,0
3.98627277346203,1,1,1
0.9840888697193375,1,1,1
11.930721967833074,0,0,0
14.427344489818422,0,0,0
3.983181730091728,1,1,0
14.926896828024317,0,0,0
3.505450333917498,1,1,1
11.958551953416189,0,0,0
2.978770778135503,1,1,1
12.984254122586215,0,0,1
4.47001321318771,1,1,1
10.945837006325974,0,0,0
3.475232072971097,1,1,1
13.452885431838695,0,0,1
15.979632890989697,0,0,0
5.476719116726474,1,1,1
16.97202575584302,0,0,0
2.4776262563540836,1,1,1
11.00697629622579,0,0,0
12.46640828675607,0,0,0
2.505456241937197,1,1,1
3.475232072971097,1,1,1
3.9620635560670783,1,1,1
2.469322261220095,1,1,1
11.509713001582735,0,0,0
16.937217591731542,0,0,1
13.934503963170991,0,0,0
5.475923024938711,1,1,1
14.941739591527616,0,0,0
2.98999277345064,1,1,0
13.496793682871926,0,0,0
15.41744240308921,0,0,0
2.505456241937197,1,1,1
3.4708152129951717,1,1,1
13.003953156224496,0,0,0
15.442088021521274,0,0,0
10.988776122382289,0,0,0
3.4716113047829342,1,1,1
14.92769291981208,0,0,0
14.40914431597492,0,0,0
4.491834155219374,1,1,1
2.9665796478434507,1,1,1
2.9847798216869528,1,1,0
14.494399499488939,0,0,0
2.4867263432758344,1,1,0
4.964352599629917,1,1,1
1.498750338398433,1,1,0
3.977172686540279,1,1,1
2.978770778135503,1,1,1
3.9732855513822147,1,1,1
9.494709010929682,0,0,0
2.9696706912137523,1,1,0
13.438572393153258,0,0,0
1.4904463432644444,1,1,1
14.452083432031234,0,0,0
3.006600763718617,1,1,1
15.4347531613642,0,0,0
1.9847857297066522,1,1,1
2.9938799086087036,1,1,1
4.486621203455687,1,1,1
2.997500676796866,1,1,1
10.98276707883084,0,0,0
18.439058973500277,0,0,0
3.999789720359705,1,1,1
12.42797935445643,0,0,0
3.96886869140629,1,1,1
13.46560628694861,0,0,0
13.467371513713289,0,0,0
1.9968038168095512,1,1,0
0.9923928648533261,1,1,1
14.911084929544103,0,0,0
12.494504639309087,0,0,0
4.469217121399947,1,1,1
1.4761333045790064,1,1,1
12.997944112673046,0,0,0
10.488600735577783,0,0,0
8.9896773539902,0,0,0
16.42255612305245,0,0,0
16.430860118186438,0,0,0
4.976370686732817,1,1,1
3.5025323337363496,1,1,1
4.005002672123393,1,1,1
11.990442117346518,0,0,0
1.9954780002039278,1,1,1
14.92221360107849,0,0,0
11.45219447987108,0,0,0
11.003355528037629,0,0,0
1.493537386634746,1,0,1
12.450862755245758,0,0,0
4.974778503157292,1,1,1
13.504301586218153,0,0,0
13.479389600816187,0,0,1
2.50024329017351,1,1,1
10.960946136799175,0,0,0
2.9839837298991903,1,1,1
2.495826430197585,1,1,1
13.504301586218153,0,0,0
10.484010832412705,0,0,0
12.483109600804795,0,0,0
14.950839678449366,0,0,0
13.918425697720874,0,0,0
2.4867263432758344,1,1,1
5.485023111860462,0,1,1
3.9779687783280413,1,1,1
3.5077452855000364,1,1,0
17.95611462556236,0,0,0
4.46400416963626,1,1,1
2.9990928603723903,1,1,1
15.923706552853567,0,0,0
2.9613666960797635,1,1,1
16.91689550949466,0,0,0
10.450701528096003,0,0,0
14.98724002613637,0,0,0
2.9922877250331785,1,1,1
15.442884113309036,0,0,0
13.939716914934678,0,0,0
14.408348224187158,0,0,0
11.477199789053795,0,0,0
13.449171339869785,0,0,0
11.466773885526422,0,0,0
5.475923024938711,1,1,1
13.941215774729454,0,0,0
12.906506842418423,0,0,0
2.9847798216869528,1,1,1
14.98043489079716,0,0,0
11.497428547509934,0,0,0
12.41967535932244,0,0,0
16.931208548180095,0,0,1
3.4934322468145984,1,1,1
12.957126905010117,0,0,0
10.997080117516276,0,0,0
3.4843321598928476,1,1,1
8.9896773539902,0,0,0
11.453786663446605,0,0,0
15.429367166411359,0,0,0
16.462577238927615,0,0,0
4.491038063431612,1,1,1
3.983181730091728,1,1,1
3.4625112178611834,1,1,1
14.434056301376886,0,0,0
5.470710073175025,1,1,1
2.491143203251759,1,1,1
5.4647010296235745,1,1,1
11.477199789053795,0,0,0
10.954937093247725,0,0,0
3.4716113047829342,0,1,1
2.4927353868272837,1,1,1
13.480888460610963,0,0,0
3.9732855513822147,1,1,1
4.4843262518731475,1,0,1
4.983878590079042,1,1,1
2.4685261694323324,1,1,1
2.48884825166922,1,1,1
10.479500648656034,0,0,0
3.475232072971097,1,1,1
11.987444397756965,0,0,0
4.992978677000794,1,1,1
9.499125870905607,0,0,0
12.949445958474737,0,0,0
5.470710073175025,1,1,1
13.451293248263172,0,0,0
3.4934322468145984,1,1,1
3.4708152129951717,1,1,0
3.0035097203483154,1,1,1
4.500934242141125,1,1,1
2.98999277345064,1,1,1
1.4943334784225084,1,1,0
10.99734648448618,0,0,0
14.474873509039814,0,0,0
1.4844372997129949,1,1,1
10.929229016057997,0,0,0
4.474430073163635,1,0,1
15.433254301569423,0,0,0
3.007396855506379,1,1,1
1.4852333915007572,1,0,1
1.4852333915007572,1,1,1
10.493110919334457,0,0,0
16.453477152005863,0,0,0
3.508541377287799,1,1,1
13.971434035675856,0,0,0
3.9732855513822147,1,1,1
12.98442716577537,0,0,0
4.478317208321698,1,1,1
2.9696706912137523,1,1,1
14.452879523818996,0,0,0
2.4685261694323324,1,1,1
5.475923024938711,1,1,1
11.964734040156792,0,0,0
14.947921678268218,0,0,0
3.9620635560670783,1,1,1
4.976370686732817,1,1,1
13.496793682871926,0,0,0
4.975574594945054,1,1,1
4.463208077848498,1,1,1
4.979991454920979,1,1,1
2.4867263432758344,1,1,0
11.458203523422531,0,0,0
2.505456241937197,1,1,1
4.992978677000794,1,1,1
5.476719116726474,1,1,1
10.990368305957812,0,0,0
1.9954780002039278,1,1,1
3.9672765078307655,1,1,1
12.991762025932442,0,0,0
3.4716113047829342,1,1,1
13.461985518760446,0,0,0
2.4784223481418457,1,1,1
4.472308164770249,1,1,1
2.9831876381114277,1,1,1
1.9764817345726637,1,1,0
12.946527958293588,0,0,0
11.465181701950897,0,0,0
18.433846021736592,0,0,1
15.932103871768303,0,0,0
3.4934322468145984,1,1,1
4.478317208321698,1,1,1
10.50583177444437,0,0,0
4.984674681866805,1,1,1
4.992978677000794,1,0,1
3.9719597347765916,1,1,1
2.98999277345064,1,1,1
14.480882552591265,0,0,1
12.456075707009445,0,0,0
4.008889807281456,1,1,1
11.458999615210294,0,0,0
11.482585784006636,0,0,0
1.986377913282177,1,1,1
2.0051078119435397,1,1,1
3.4768242565466214,1,1,1
13.974525079046156,0,0,0
3.0013878119549298,1,1,1
13.46869733031891,0,0,0
1.9998948601798525,1,1,1
10.482685015807084,0,0,0
2.50024329017351,1,1,1
1.982490778124113,1,1,1
10.981441262225216,0,0,0
12.961637088766789,0,0,0
1.9968038168095512,1,1,1
12.932214919608152,0,0,0
15.426276123041058,0,0,0
3.5077452855000364,1,1,0
14.994747929482596,0,0,0
3.983181730091728,1,1,1
3.4934322468145984,1,0,1
3.98627277346203,1,1,1
11.471190745502344,0,0,0
15.45587133538885,0,0,0
3.4934322468145984,1,1,1
2.9748836429774395,1,1,1
14.465773422118064,0,0,0
14.415856127533383,0,0,0
0.49204443485966876,1,1,0
3.9620635560670783,1,1,1
4.979991454920979,1,1,1
5.476719116726474,1,1,1
14.920714741283714,0,0,0
1.4852333915007572,1,1,1
14.929018736417701,0,0,0
3.4768242565466214,1,1,1
13.969139084093316,0,0,0
17.435444113331815,0,0,0
18.42474593481484,0,0,0
2.5070484255127217,1,1,1
3.9672765078307655,1,1,1
2.4776262563540836,1,1,1
13.952437770044591,0,0,0
1.986377913282177,1,1,0
13.455180383421235,0,0,0
15.946323586672994,0,0,0
11.465181701950897,0,0,0
4.463208077848498,1,1,1
10.97216813211431,0,0,0
2.9990928603723903,1,1,1
3.963655739642603,1,1,1
13.450590480256157,0,0,0
1.493537386634746,1,1,1
2.501835473749035,1,1,1
11.962439088574252,0,0,0
4.468421029612185,1,1,1
15.916198649507342,0,0,0
3.489545111656535,1,1,1
3.9719597347765916,1,1,1
2.9982967685846287,1,1,1
4.976370686732817,1,1,1
11.964560996967638,0,0,0
14.483800552772411,0,0,1
12.492912455733563,0,0,0
13.48610141237465,0,0,0
3.006600763718617,1,1,0
9.469703701746967,0,0,0
16.9494087220236,0,0,0
14.965948808922567,0,0,1
4.976370686732817,1,1,1
1.9847857297066522,1,0,1
12.007673156213105,0,0,0
4.477521116533936,1,1,1
14.941209866709755,0,0,0
16.42043421465906,0,0,0
13.963130040541866,0,0,1
14.920714741283714,0,0,0
3.4625112178611834,1,1,1
4.975574594945054,1,1,1
13.944929866698365,0,0,0
11.981965079023377,0,0,0
12.45677847501646,0,0,0
1.986377913282177,1,1,1
2.9808926865288887,1,1,1
3.4911372952320594,1,1,0
12.91481083755241,0,0,0
16.941104726889606,0,0,0
13.982656030990992,0,0,1
12.468796562119358,0,0,0
3.50023738215381,1,0,1
1.9764817345726637,1,0,1
10.489396827365546,0,0,0
2.5010393819612724,1,1,1
10.484010832412705,0,0,0
2.512261377276409,1,1,1
2.987074773269492,1,1,1
12.447678388094708,0,0,0
16.4467653404474,0,0,0
13.929820736225164,0,0,0
13.98495098257353,0,0,0
13.44537752849247,0,0,0
9.467408750164427,0,0,0
11.964734040156792,0,0,0
2.997500676796866,1,1,1
11.46597779373866,0,0,0
1.9938858166284033,1,1,1
17.94781063042837,0,0,0
13.469493422106673,0,0,0
14.946422818473442,0,0,1
15.944824726878217,0,0,0
3.006600763718617,1,1,0
5.475923024938711,1,1,1
12.498391774467152,0,0,0
9.998678209111501,0,0,0
3.962859647854841,1,1,1
14.449165431850085,0,0,0
3.48512825168061,0,1,1
12.960044905191266,0,0,0
13.963130040541866,0,0,0
12.437875533165943,0,0,0
12.956953861820963,0,0,0
13.476471600635039,0,0,0
11.003355528037629,0,0,0
3.48512825168061,1,1,1
14.429466398211806,0,0,0
5.4647010296235745,1,1,1
11.448573711682918,0,0,0
1.9938858166284033,1,1,1
3.498645198578286,1,1,1
4.468421029612185,1,1,1
11.47507788066041,0,0,0
2.9831876381114277,1,1,1
13.95562213719564,0,0,0
2.9688745994259897,1,1,1
4.969565551393605,1,1,1
13.959945673390818,0,0,0
13.918425697720874,0,0,0
2.474535212983782,1,1,1
10.500618822680682,0,0,0
13.493702639501624,0,0,0
11.974363851896403,0,0,0
4.964352599629917,1,1,1
15.47098046586205,0,0,1
13.95791708877818,0,0,0
3.4903412034442973,1,1,1
11.982934214000293,0,0,0
13.511106721557365,0,0,0
14.430169166218821,0,0,0
13.446080296499483,0,0,0
14.451460383432625,0,0,0
15.443680205096797,0,0,1
15.936693774933383,0,0,0
18.433846021736592,0,0,1
9.479599880456481,0,0,0
8.997981349124187,0,0,0
14.475403233857675,0,0,0
13.499088634454466,0,0,0
10.965629363745002,0,0,0
2.960570604292001,1,1,1
2.4776262563540836,1,1,1
13.991133069314134,0,0,0
2.5062523337249596,1,1,1
1.5047593819498823,1,1,1
3.4882192950509117,1,1,1
3.962859647854841,1,1,1
3.4934322468145984,1,1,1
3.461715126073421,1,1,1
3.4609190342856584,1,1,1
1.9990987683920904,1,1,1
15.932103871768303,0,0,0
4.000585812147468,1,1,1
2.9938799086087036,1,1,1
11.96712231552008,0,0,0
18.453372012185717,0,0,1
14.929018736417701,0,0,0
11.470394653714582,0,0,0
1.9954780002039278,1,1,1
4.492630247007137,1,1,1
0.9931889566410885,1,1,0
16.417343171288763,0,0,0
2.0051078119435397,1,1,1
3.4903412034442973,1,1,0
1.9990987683920904,1,1,1
17.449757152017256,0,0,0
2.4828392081177704,1,1,1
12.97356185208894,0,0,0
10.473584928885332,0,0,0
16.411334127737312,0,0,0
11.006180204438028,0,0,0
3.0081929472941416,1,1,1
3.983181730091728,1,1,1
4.000585812147468,1,1,1
4.986969633449345,1,1,1
9.987456213796364,0,0,0
14.486891596142712,0,0,1
2.4867263432758344,1,1,1
11.494510547328787,0,0,0
13.940419682941691,0,0,0
8.993564489148262,0,0,0
15.422655354852896,0,0,0
1.4904463432644444,1,1,1
14.956318997182954,0,0,1
9.991966397553037,0,0,0
12.450596388275857,0,0,0
4.500934242141125,1,1,1
11.46279342658761,0,0,0
2.9982967685846287,1,1,1
3.4716113047829342,1,1,1
14.427874214636283,0,0,0
17.44587001685919,0,0,0
12.508021586206763,0,0,0
3.9945767685960183,0,1,1
15.937223499751244,0,0,0
2.4979483385909713,1,1,1
3.9620635560670783,1,1,1
15.936693774933383,0,0,0
12.930622736032626,0,0,0
3.4768242565466214,1,1,0
9.003990392675636,0,0,0
13.449794388468394,0,0,0
0.9923928648533261,1,1,0
5.482728160277923,0,1,1
3.461715126073421,1,0,1
0.9984019084047756,1,1,1
4.486621203455687,1,1,1
16.910886465943207,0,0,0
1.4995464301861952,1,1,0
1.9855818214944145,1,1,1
2.487522435063597,1,1,1
13.415159267546068,0,0,0
3.4716113047829342,1,1,1
11.489297595565098,0,0,0
11.464385610163134,0,0,0
14.480882552591265,0,0,0
9.990640580947415,0,0,0
17.939506635294382,0,0,0
4.978665638315356,1,1,1
15.932103871768303,0,0,0
13.929024644437401,0,0,0
3.983181730091728,1,1,1
10.494609779129235,0,0,0
14.934404731370543,0,0,0
12.963932040349329,0,0,0
11.499816822873221,0,0,0
13.003953156224496,0,0,0
12.471887605489659,0,0,0
15.456667427176612,0,0,0
13.483010369004349,0,0,0
13.455180383421235,0,0,0
1.9855818214944145,1,1,0
2.5070484255127217,1,1,0
4.983878590079042,1,1,1
10.936736919404222,0,0,0
2.9990928603723903,1,1,0
3.4625112178611834,1,1,1
10.947429189901499,0,0,0
1.4927412948469834,1,1,1
14.445278296692022,0,0,1
16.93280073175562,0,0,0
3.50023738215381,1,0,1
8.986759353809049,0,0,0
12.940518914742139,0,0,0
16.42564716642275,0,0,0
3.9672765078307655,1,1,1
2.9878708650572543,1,1,1
3.489545111656535,1,1,0
9.980744402237901,0,0,0
10.96483327195724,0,0,0
2.487522435063597,1,1,1
14.966917943899483,0,0,0
13.948020910068665,0,0,0
14.41506003574562,0,0,0
2.9696706912137523,1,1,1
15.928919504617255,0,0,0
9.994261349135577,0,0,0
15.470184374074288,0,0,0
3.006600763718617,1,1,1
11.965530131944554,0,0,0
15.928919504617255,0,0,0
3.494228338602361,1,1,1
9.991966397553037,0,0,0
13.95562213719564,0,0,0
1.4995464301861952,1,1,1
4.492630247007137,1,1,1
13.941309098510203,0,0,0
3.4882192950509117,1,1,1
9.490025783983857,0,0,0
16.439960205108186,0,0,1
11.492215595746249,0,0,0
4.485825111667925,1,1,1
12.948649866686974,0,0,0
9.496034827535304,0,0,0
14.457469426984074,0,0,0
15.931307779980541,0,0,0
13.970637943888093,0,0,1
13.000862112854193,0,0,0
4.468421029612185,1,1,1
3.4820372083103086,1,1,1
3.4625112178611834,1,1,1
15.442884113309036,0,0,0
16.429267934610913,0,0,0
14.493603407701176,0,0,0
2.9961748601912426,1,1,1
3.9620635560670783,1,1,1
12.00926533978863,0,0,0
3.479915299916923,1,1,1
4.975574594945054,1,1,1
4.47001321318771,1,1,1
10.97216813211431,0,0,0
15.954720905587731,0,0,0
2.9938799086087036,1,1,1
1.9855818214944145,1,1,1
11.969946991920477,0,0,0
11.972864992101625,0,0,0
3.4625112178611834,1,1,1
16.93280073175562,0,0,0
3.50023738215381,1,0,1
5.479014068309013,1,1,1
9.953444141472648,0,0,0
3.0013878119549298,1,1,1
11.468802470139057,0,0,0
2.987074773269492,1,1,1
3.461715126073421,1,1,1
13.907203702405738,0,0,0
2.993083816820941,0,1,1
13.448375248082023,0,0,0
2.9795668699232656,1,1,1
2.9990928603723903,1,1,1
4.992978677000794,1,1,1
9.003990392675636,0,0,0
2.9891966816628774,0,1,1
14.995544021270359,0,0,0
10.99734648448618,0,0,0
13.942011866517216,0,0,0
16.47609418582529,0,0,1
14.468864465488366,0,0,0
14.4769954174332,0,0,0
11.960846904998727,0,0,0
12.98442716577537,0,0,0
11.480024465454195,0,0,0
13.960835088959326,0,0,0
16.454273243793626,0,0,1
2.4927353868272837,1,1,1
2.4828392081177704,1,1,0
12.991762025932442,0,0,0
12.00608097263758,0,0,0
3.4708152129951717,1,1,0
0.9840888697193375,1,1,1
3.4791192081291604,1,1,1
11.496102730904312,0,0,0
4.964352599629917,1,1,1
4.478317208321698,1,1,1
12.99273116090936,0,0,0
4.471512072982486,1,1,1
12.479488832616635,0,0,0
2.469322261220095,0,1,1
12.456075707009445,0,0,0
1.4943334784225084,1,1,1
3.4963502469957466,1,1,1
3.962859647854841,1,1,1
1.986377913282177,1,1,1
3.4911372952320594,1,1,1
12.43398839800788,0,0,0
12.984956890593232,0,0,0
3.4934322468145984,1,1,1
15.407452900598948,0,0,0
12.493801871302072,0,0,0
8.986759353809049,0,0,0
2.9808926865288887,1,1,1
14.460560470354377,0,0,0
2.9961748601912426,1,1,1
1.9855818214944145,1,1,1
2.4776262563540836,1,1,0
17.445167248852172,0,0,1
15.436078977969824,0,0,0
12.474182557072199,0,0,0
9.963340320182162,0,0,0
7.9852664020339725,0,0,0
4.9898876336304925,1,1,1
3.98627277346203,1,1,1
9.478007696880956,0,0,0
3.498645198578286,1,1,1
15.938019591539005,0,0,1
3.4791192081291604,1,1,1
2.9748836429774395,1,1,1
3.4708152129951717,1,1,1
2.9756797347652015,1,1,1
13.44537752849247,0,0,0
14.927426552842178,0,0,0
12.453687431646157,0,0,0
3.494228338602361,1,1,1
2.50024329017351,1,1,1
3.989893541650192,1,1,1
11.486206552194798,0,0,0
10.991867165752591,0,0,0
1.991590865045864,1,1,1
14.461886286959999,0,0,0
4.475226164951397,1,1,1
12.442292393141868,0,0,0
11.44079944136679,0,0,0
13.47188169746996,0,0,0
11.472689605297122,0,0,0
15.954720905587731,0,0,0
3.962859647854841,1,1,1
14.434056301376886,0,0,0
4.468421029612185,1,1,1
12.448301436693317,0,0,0
7.484917972040315,0,0,0
10.970842315508687,0,0,0
3.9854766816742675,1,1,1
15.935724639956465,0,0,0
16.962925668921272,0,0,0
11.45448943145362,0,0,0
0.9984019084047756,1,1,1
2.977974686347741,1,1,1
2.4828392081177704,1,1,1
1.9907947732581017,1,1,1
13.440867344735796,0,0,0
2.469322261220095,1,1,1
14.942535683315379,0,0,0
4.463208077848498,1,1,1
2.9891966816628774,1,1,1
14.458265518771837,0,0,0
14.434056301376886,0,0,0
11.948922141676576,0,0,0
13.495997591084164,0,0,0
13.475675508847276,0,0,0
3.498645198578286,1,1,1
12.446975620087693,0,0,0
8.974568223516997,0,0,0
13.429472306231506,0,0,0
3.4625112178611834,1,1,1
15.917790833082867,0,0,0
5.469913981387262,1,1,1
3.481241116522546,1,1,1
2.9847798216869528,1,1,1
3.466928077837108,1,1,1
12.480191600623648,0,0,0
9.944344054550896,0,0,0
13.457475335003775,0,0,0
2.9922877250331785,1,1,1
3.999789720359705,1,1,1
4.491834155219374,1,1,1
14.90710447060529,0,0,0
4.492630247007137,1,1,1
17.939506635294382,0,0,0
12.954035861639815,0,0,0
3.476028164758859,1,1,1
10.957855093428874,0,0,0
2.9704667830015143,1,1,0
15.45816628697139,0,0,0
11.47331265389573,0,0,0
4.9635565078421555,1,1,1
5.475923024938711,1,1,1
13.45677256699676,0,0,0
15.914606465931817,0,0,0
1.5047593819498823,1,1,1
14.435648484952411,0,0,0
15.953924813799969,0,0,0
8.98446440222651,0,0,0
2.9878708650572543,1,1,1
14.486891596142712,0,0,0
12.99273116090936,0,0,0
2.4685261694323324,1,1,1
0.9931889566410885,1,1,1
15.419470987701846,0,0,0
2.505456241937197,1,1,1
15.461084287152536,0,0,0
3.4994412903660477,1,1,0
2.4927353868272837,1,1,1
13.504301586218153,0,0,0
3.9620635560670783,1,1,1
14.457469426984074,0,0,0
2.9922877250331785,1,1,1
1.4943334784225084,1,1,0
1.9954780002039278,1,1,1
1.968177739438675,1,1,1
11.983463938818154,0,0,0
3.4768242565466214,1,1,1
15.93589768314562,0,0,0
3.5077452855000364,1,0,1
12.405362320637003,0,0,0
4.482734068297623,0,1,1
13.916303789327488,0,0,0
2.5062523337249596,1,1,1
4.491834155219374,1,1,1
3.508541377287799,1,1,1
1.9968038168095512,1,1,1
13.000862112854193,0,0,0
2.9961748601912426,1,1,1
11.973131359071527,0,0,0
1.982490778124113,1,1,1
3.9922818170134793,1,1,1
12.466674653725974,0,0,0
12.975950127452228,0,0,0
2.9878708650572543,1,1,1
3.9732855513822147,1,1,1
2.9688745994259897,1,1,1
10.499026639105159,0,0,0
15.427868306616583,0,0,0
2.000690951967615,1,1,0
10.478797880649019,0,0,0
10.480296740443796,0,0,0
14.955522905395192,0,0,0
14.41824440289667,0,0,0
2.0059039037313022,1,1,1
0.9931889566410885,1,1,1
3.0021839037426923,1,0,1
15.483701320971964,0,0,1
17.939506635294382,0,0,0
12.000961344654641,0,0,0
2.9891966816628774,1,1,1
2.993083816820941,1,1,1
2.9922877250331785,1,1,1
13.441490393334407,0,0,0
1.5047593819498823,1,1,1
13.964628900336644,0,0,0
1.9946819084161658,1,1,1
2.4828392081177704,1,1,1
10.47278883709757,0,0,0
2.5070484255127217,1,1,0
3.4820372083103086,1,1,1
14.48839045593749,0,0,0
10.451497619883765,0,0,0
10.993459349328115,0,0,0
1.9855818214944145,1,1,1
13.950142818462052,0,0,0
12.461195334992384,0,0,0
2.476830164566321,1,1,0
2.5010393819612724,1,1,1
15.956219765382507,0,0,1
2.9696706912137523,1,1,1
10.98585812220114,0,0,0
4.970361643181367,1,1,1
3.007396855506379,1,1,0
14.953227953812654,0,0,0
2.4784223481418457,1,1,1
14.947218910261205,0,0,0
3.48512825168061,1,1,1
2.977974686347741,1,1,0
4.4736339813758725,1,1,1
14.950839678449366,0,0,0
10.95652927682325,0,0,0
10.996550392698417,0,0,0
9.490025783983857,0,0,0
12.942907190105426,0,0,0
10.445488576332316,0,0,0
2.978770778135503,1,1,0
14.436178209770272,0,0,0
3.9732855513822147,1,1,1
15.458962378759152,0,0,0
13.461985518760446,0,0,0
9.95424023326041,0,0,0
16.457364287163927,0,0,1
15.432458209781661,0,0,0
3.4934322468145984,1,1,1
14.929018736417701,0,0,0
3.4791192081291604,1,1,1
11.972864992101625,0,0,0
11.468802470139057,0,0,0
16.450386108635563,0,0,1
11.982934214000293,0,0,0
5.991380585405569,1,1,1
11.978250987054466,0,0,0
14.429466398211806,0,0,0
9.47049979353473,0,0,0
9.976857267079836,0,0,0
12.929919968025612,0,0,0
2.993083816820941,1,1,1
3.9740816431699773,1,1,1
15.931307779980541,0,0,0
13.50951453798184,0,0,0
11.990269074157366,0,0,0
15.44076220491565,0,0,0
3.96886869140629,1,1,1
10.471992745309807,0,0,0
3.006600763718617,1,1,1
12.475774740647724,0,0,0
3.007396855506379,1,1,1
2.9891966816628774,1,1,1
0.9840888697193375,1,0,1
3.4609190342856584,1,1,1
12.001757436442404,0,0,0
0.9984019084047756,1,1,1
1.4761333045790064,1,1,1
2.495030338409823,1,1,1
4.970361643181367,1,1,1
2.495030338409823,1,1,1
3.971163642988829,0,1,1
13.434951624965096,0,0,0
12.500513682860536,0,0,0
16.919986552864955,0,0,0
2.9756797347652015,1,1,1
3.004305812136078,1,1,1
13.500414451060088,0,0,0
